name,placetype,locality,region,country,rank,award,population,wof:id,lat,lng,bbox,is_nacto,is_mapzen_support,landuse,map_url,comment
Pacific Pines,locality,Pacific Pines,Gold Coast,Australia,4,,,,,,,,1,,,
Brisbane,locality,Brisbane,Queensland,Australia,3,,,,,,,,1,,https://cyclingbrisbane.com.au/route-planner#7/-33.869/151.194,
Adelaide,locality,Adelaide,,Australia ,4,,,,,,,,1,,,
Recife,locality,Recife,,Brazil,4,,,,,,,,1,,bit.do/CicloviasRecife,
Calgary,locality,Calgary,AB,Canada,2,,,,,,,,1,,https://maps.calgary.ca/PathwaysandBikeways/,
Vancouver,locality,Vancouver,BC,Canada,2,,,,,,,1,,,,
Victoria,locality,Victoria,BC,Canada,4,,,,,,,,,,,
Ottawa,locality,Ottawa,ON,Canada,2,,,,,,,,,,,
Brampton,locality,Brampton,Ontario,Canada,3,,,,,,,,1,,,
Toronto,locality,Toronto,Ontario,Canada,2,,,,,,,1,1,,,
Windsor,locality,Windsor,Ontario,Canada,4,,,,,,,,1,,http://www.arcgis.com/apps/View/index.html?appid=234bb0faaf63486eb331a4b7d7a58dda,
Montreal,locality,Montreal,QC,Canada,4,,,,,,,,,,,
Saskatoon,locality,Saskatoon,SK,Canada,4,,,,,,,,1,,https://www.saskatoon.ca/sites/default/files/documents/web2016cyclingguide.pdf,
Copenhagen,locality,Copenhagen,,Denmark,2,,,,,,,,1,,https://www.ibikecph.dk/,
Helsinki,locality,Helsinki,,Finland,2,,,,,,,,1,,http://www.ulkoilukartta.fi/,
Paris,locality,Paris,,France,1,,,,,,,,1,,,
Strasbourg,locality,Strasbourg,,France,4,,,,,,,,1,,https://www.la-wantzenau.fr/dynamic/pdf/pistes_cyclables_cus.pdf,
Toulouse,locality,Toulouse,,France,4,,,,,,,,1,,http://www.velo.toulouse.fr/content/download/30383/177370/version/2/file/2015_carteitincyclables.pdf,
Hagen,locality,Hagen,NRW,Germany,4,,,,,,,,1,,,
Berlin,locality,Berlin,,Germany,2,,,,,,,,1,,http://www.bbbike.de/cgi-bin/bbbike.en.cgi,
Bremen,locality,Bremen,,Germany,4,,,,,,,,1,,,
Hamburg,locality,Hamburg,,Germany,4,,,,,,,,1,,https://www.hamburg.de/radroutenplaner/,
Karlsruhe,locality,Karlsruhe,,Germany,4,,,,,,,,1,,,
Thessaloniki,locality,Thessaloniki,,Greece,4,,,,,,,,1,,http://gis.thessaloniki.gr/sdi/ (it's the Ποδηλατόδρομοι layer),
Reykjavik,locality,Reykjavik,,Iceland,4,,,,,,,,1,,http://hjolaborgin.is/framkvaemdir-og-adgerdir/#3,
Dublin,locality,Dublin,,Ireland,3,,,,,,,,1,,,Stirling
Turin,locality,Turin,Piedmont,Italy,2,,,,,,,,1,,,
Milan,locality,Milan,,Italy,3,,,,,,,,1,,,
Nijmegen,locality,Nijmegen,,Netherlands,4,,,,,,,,1,,,
Leiden,locality,Leiden,Zuid-Holland,Netherlands ,4,,,,,,,,1,,http://www.bikeprint.nl/fietstelweek/ http://fietstelweek.nl/resultaten/ ,
Auckland,locality,Auckland,,New Zealand,3,,,,,,,,1,,,
Managua,locality,Managua,,Nicaragua,4,,,,,,,,1,,,
Bratislava,locality,Bratislava,,Slovakia,4,,,,,,,,1,,,
Maribor,locality,Maribor,,Slovenia,4,,,,,,,,1,,https://storage.googleapis.com/maribor-pohorje.si/files/bike-maribor.pdf,
Xixón,locality,Xixón,Asturies,Spain,4,,,,,,,,1,,,
Umeå,locality,Umeå,Västerbotten,Sweden,4,,,,,,,,1,,http://www.umea.se/download/18.195f80f41549bef18ec1c27c/1464865948825/Cykelkarta_2016.pdf,
Lucerne,locality,Lucerne,,Switzerland,4,,,,,,,,1,,,
Zürch,locality,Zürch,,Switzerland,2,,,,,,,,1,,https://map.veloland.ch/?lang=en&route=all&bgLayer=pk&layers=Veloland&resolution=50&E=2678347&N=1242029,
Taipei,locality,Taipei,,Taiwan,2,,,,,,,,1,,,
Kharkiv,locality,Kharkiv,,Ukraine,4,,,,,,,,1,,,
Pateley Bridge,locality,Pateley Bridge,North Yorkshire,United Kingdom,4,,,,,,,,1,,,
Oxford,locality,Oxford,Oxfordshire,United Kingdom,3,,,,,,,,1,,https://www.oxfordshire.gov.uk/cms/sites/default/files/folders/documents/roadsandtransport/oxfordcyclemap.pdf,https://www.oxford.gov.uk/info/20077/cycling/853/bicycle_routes_in_oxford
Anchorage,locality,Anchorage,AK,United States,3,Silver,298695,,,,,,,Urban core surrounded by low density suburban areas,,
Juneau,locality,Juneau,AK,United States,4,Bronze,32660,,,,,,,Rural,,
Sitka,locality,Sitka,AK,United States,3,Silver,8900,,,,,,,Rural,,
University of Alaska Fairbanks,campus,Fairbanks,AK,United States,3,Silver,6215,,,,,,,University,,
Auburn,locality,Auburn,AL,United States,4,Bronze,53393,,,,,,,,,
Auburn University,campus,Auburn,AL,United States,3,Silver,25912,,,,,,,University,,
Arkansas State University,campus,Jonesboro,AR,United States,4,Bronze,13552,,,,,,,University,,
Benton and Washington Counties,county,Benton and Washington Counties,AR,United States,4,Bronze,424404,,,,,,,Suburban,,Northwest Arkansas
Bentonville,locality,Bentonville,AR,United States,4,Bronze,35301,,,,,,,Suburban,,
Conway,locality,Conway,AR,United States,4,Bronze,63816,,,,,,,Suburban,,
Fayetteville,locality,Fayetteville,AR,United States,3,Silver,80621,,,,,,,Suburban,,
Hendrix College,campus,Conway,AR,United States,4,Bronze,1338,,,,,,,University,,
Little Rock,locality,Little Rock,AR,United States,4,Bronze,197706,,,,,,,Urban,,
North Little Rock,locality,North Little Rock,AR,United States,4,Bronze,62411,,,,,,,Urban,,
University of Arkansas,campus,Fayetteville,AR,United States,3,Silver,26754,,,,,,,University,,
Arizona State University - Tempe,campus,Tempe,AZ,United States,2,Gold,51984,,,,,,,University,,
Arizona State University - West Campus,campus,Glendale,AZ,United States,4,Bronze,3619,,,,,,,University,,
"Arizona State University, Downtown Campus",campus,Phoenix,AZ,United States,4,Bronze,20263,,,,,,,University,,
"Arizona State University, Polytechnic Campus",campus,Mesa,AZ,United States,4,Bronze,9752,,,,,,,University,,
Chandler,locality,Chandler,AZ,United States,4,Bronze,241998,,,,,,,Suburban,,
Cottonwood,locality,Cottonwood,AZ,United States,4,Bronze,11424,,,,,,,Rural,,
Flagstaff,locality,Flagstaff,AZ,United States,3,Silver,68667,,,,,,,Urban,,
Gilbert,locality,Gilbert,AZ,United States,4,Bronze,196000,,,,,,,Urban,,
Mesa,locality,Mesa,AZ,United States,3,Silver,454981,,,,,,,Suburban,,
Northern Arizona University,campus,Flagstaff,AZ,United States,2,Gold,21107,,,,,,,University,,
Phoenix,locality,Phoenix,AZ,United States,4,Bronze,1513357,,,,,1,,Suburban,,
Scottsdale,locality,Scottsdale,AZ,United States,2,Gold,217385,,,,,,,Suburban,,
Sedona,locality,Sedona,AZ,United States,3,Silver,10037,,,,,,,Urban,,
Sierra Vista,locality,Sierra Vista,AZ,United States,4,Bronze,44286,,,,,,,Small town,,
Tempe,locality,Tempe,AZ,United States,2,Gold,164742,,,,,,,Urban,,
Tucson,locality,Tucson,AZ,United States,3,,,,,,,1,,,,
Tucson-East Pima County Region,county,Tucson-East Pima County Region,AZ,United States,2,Gold,996544,,,,,,,Urban,,
University of Arizona,campus,Tucson,AZ,United States,2,Gold,40253,,,,,,,University,,
Alameda,locality,Alameda,CA,United States,4,Bronze,78630,,,,,,,,,
Arcata,locality,Arcata,CA,United States,3,Silver,17800,,,,,,,,,
Arroyo Grande,locality,Arroyo Grande,CA,United States,4,Bronze,19704,,,,,,,Suburban,,
Berkeley,locality,Berkeley,CA,United States,3,,,,,,,1,1,,http://www.ci.berkeley.ca.us/bicyclingandwalkingguides/,http://www.ci.berkeley.ca.us/uploadedFiles/Public_Works/Level_3_-_General/Bikeway_Network.pdf
Brentwood,locality,Brentwood,CA,United States,4,Bronze,53673,,,,,,,Suburban,,
California Institute of Technology,campus,Pasadena,CA,United States,4,Bronze,2243,,,,,,,University,,
"California State University, Bakersfield",campus,Bakersfield,CA,United States,4,Bronze,8720,,,,,,,University,,
"California State University, Long Beach",campus,Long Beach,CA,United States,3,Silver,36822,,,,,,,University,,
Calistoga,locality,Calistoga,CA,United States,3,Silver,5155,,,,,,,Rural,,
Chico,locality,Chico,CA,United States,2,Gold,86900,,,,,,,,,
Chula Vista,locality,Chula Vista,CA,United States,4,Bronze,252422,,,,,,,Urban,,
Claremont,locality,Claremont,CA,United States,3,Silver,36612,,,,,,,Suburban,,
Coronado,locality,Coronado,CA,United States,3,Silver,24697,,,,,,,Urban,,
Cupertino,locality,Cupertino,CA,United States,4,Bronze,60189,,,,,,,Urban,,
Davis,locality,Davis,CA,United States,1,Platinum,63722,,,,,1,,Urban,,
Eastern Placer County,county,Eastern Placer County,CA,United States,4,Bronze,11050,,,,,,,Rural,,North Lake Tahoe Area
Emeryville,locality,Emeryville,CA,United States,3,Silver,10777,,,,,,,Urban,,
Eureka,locality,Eureka,CA,United States,4,Bronze,27127,,,,,,,Urban,,
Folsom,locality,Folsom,CA,United States,3,Silver,77246,,,,,,1,,https://www.folsom.ca.us/city_hall/depts/parks/parks_n_trails/trails/trails_maps.asp,
Fresno,locality,Fresno,CA,United States,4,Bronze,509924,,,,,,,Urban,,
Healdsburg,locality,Healdsburg,CA,United States,4,Bronze,11475,,,,,,,Suburban,,
Huntington Beach,locality,Huntington Beach,CA,United States,4,Bronze,189707,,,,,,,Suburban,,
Irvine,locality,Irvine,CA,United States,3,Silver,258386,,,,,,,Urbanized area,,
Long Beach,locality,Long Beach,CA,United States,3,Silver,474140,,,,,1,,Urbanized area,,
Los Altos,locality,Los Altos,CA,United States,4,Bronze,28976,,,,,,,Suburban,,
Los Angeles,locality,Los Angeles,CA,United States,4,Bronze,3928864,,,,,1,1,Urbanized area,"http://ladot.maps.arcgis.com/apps/PublicInformation/index.html?appid=120cd96dc6444a708106a3750ccf553d&extent=-118.9184,33.8202,-117.9043,34.3094&home=true&zoom=true&scale=true&search=true&searchextent=false&legend=true&disable_scroll=true",
Menlo Park,locality,Menlo Park,CA,United States,3,Silver,32026,,,,,,,Suburban,,
Morro Bay,locality,Morro Bay,CA,United States,4,Bronze,10234,,,,,,,Rural,,
Mountain View,locality,Mountain View,CA,United States,3,Silver,77800,,,,,,1,Suburban,,
Napa,locality,Napa,CA,United States,4,Bronze,80434,,,,,,,,,
Oakland,locality,Oakland,CA,United States,3,Silver,400740,,,,,,1,Urban,http://www2.oaklandnet.com/Government/o/PWA/o/EC/s/BicycleandPedestrianProgram/OAK024652,
Oceanside,locality,Oceanside,CA,United States,3,Silver,175948,,,,,,,Urban core surrounded by low density suburban areas,,
Orange County,county,Orange County,CA,United States,4,Bronze,3010232,,,,,,,,,
Palo Alto,locality,Palo Alto,CA,United States,2,Gold,66955,,,,,,,Suburban,,
Paso Robles,locality,Paso Robles,CA,United States,4,Bronze,30050,,,,,,,Suburban,,
Pleasanton,locality,Pleasanton,CA,United States,4,Bronze,70285,,,,,,,Suburban,,
Pomona College,campus,Claremont,CA,United States,4,Bronze,1581,,,,,,,University,,
Rancho Cordova,locality,Rancho Cordova,CA,United States,4,Bronze,67911,,,,,,,Suburban,,
Rancho Cucamonga,locality,Rancho Cucamonga,CA,United States,4,Bronze,165269,,,,,,,Suburban,,
Redding,locality,Redding,CA,United States,4,Bronze,89470,,,,,,,Urban,,
Redondo Beach,locality,Redondo Beach,CA,United States,4,Bronze,66748,,,,,,,,,
Redwood City,locality,Redwood City,CA,United States,4,Bronze,80872,,,,,,,Suburban,,
Riverside,locality,Riverside,CA,United States,4,Bronze,303871,,,,,,,Urban,,
Roseville,locality,Roseville,CA,United States,4,Bronze,122060,,,,,,,Suburban,,
Sacramento,locality,Sacramento,CA,United States,3,Silver,475536,,,,,,,Urban,,
San Carlos,locality,San Carlos,CA,United States,4,Bronze,29931,,,,,,,,,
San Diego,locality,San Diego,CA,United States,4,,,,,,,,,,,
San Francisco,locality,San Francisco,CA,United States,2,Gold,864816,,,,,1,1,,http://www.sfbike.org/wp-content/uploads/2014/03/SF_Bike_Map_and_Walking_Guide_2014.pdf,
San Francisco State University,campus,San Francisco,CA,United States,4,Bronze,30256,,,,,,,University,,
San Jose,locality,San Jose,CA,United States,4,Bronze,912332,,,,,,,Suburban,,
San Luis Obispo,locality,San Luis Obispo,CA,United States,2,Gold,45119,,,,,,,Suburban,,
San Mateo,locality,San Mateo,CA,United States,4,Bronze,103536,,,,,,,,,
San Mateo County,county,San Mateo County,CA,United States,4,Bronze,718451,,,,,,,Suburban,,
Santa Barbara,locality,Santa Barbara,CA,United States,3,Silver,90893,,,,,,1,Urban,,
Santa Clara,locality,Santa Clara,CA,United States,4,Bronze,119311,,,,,,,Suburban,,
Santa Clarita,locality,Santa Clarita,CA,United States,4,Bronze,213231,,,,,,,Urban,,
Santa Cruz,locality,Santa Cruz,CA,United States,2,Gold,59946,,,,,,,Suburban,,
Santa Monica,locality,Santa Monica,CA,United States,3,Silver,89736,,,,,1,,,,
Santa Monica College,campus,Santa Monica,CA,United States,4,Bronze,34000,,,,,,,University,,
Santa Rosa,locality,Santa Rosa,CA,United States,4,Bronze,167815,,,,,,,Suburban,,
Sonoma,locality,Sonoma,CA,United States,4,Bronze,10849,,,,,,,Urban,,
South Lake Tahoe,locality,South Lake Tahoe,CA,United States,3,Silver,21403,,,,,,,,,
South San Francisco,locality,South San Francisco,CA,United States,4,Bronze,64409,,,,,,,Urban,,
Stanford University,campus,Stanford,CA,United States,1,Platinum,16176,,,,,,,University,,
Sunnyvale,locality,Sunnyvale,CA,United States,4,Bronze,151754,,,,,,,,,
Temecula,locality,Temecula,CA,United States,4,Bronze,103092,,,,,,,Urban,,
Thousand Oaks,locality,Thousand Oaks,CA,United States,4,Bronze,129349,,,,,,,,,
"University of California, Berkeley",campus,Berkeley,CA,United States,3,Silver,36142,,,,,,,University,,
"University of California, Davis",campus,Davis,CA,United States,1,Platinum,33300,,,,,,,University,,
"University of California, Irvine",campus,Irvine,CA,United States,2,Gold,30051,,,,,,,University,,
"University of California, Los Angeles",campus,Los Angeles,CA,United States,3,Silver,43239,,,,,,,University,,
"University of California, Santa Barbara",campus,Santa Barbara,CA,United States,2,Gold,22367,,,,,,,University,,
"University of California, Santa Cruz",campus,Santa Cruz,CA,United States,3,Silver,16300,,,,,,,University,,
University of La Verne,campus,La Verne,CA,United States,3,Silver,8600,,,,,,,University,,
University of San Diego,campus,San Diego,CA,United States,4,Bronze,8105,,,,,,,University,,
Ventura,locality,Ventura,CA,United States,4,Bronze,109708,,,,,,,Urban core surrounded by low density suburban areas,,
Walnut Creek,locality,Walnut Creek,CA,United States,4,,,,,,,,1,,http://www.walnut-creek.org/departments/community-and-economic-development/transportation-planning/bikes,
Watsonville,locality,Watsonville,CA,United States,4,Bronze,51199,,,,,,,Urbanized area,,
West Sacramento,locality,West Sacramento,CA,United States,4,Bronze,50000,,,,,,,,,
Windsor,locality,Windsor,CA,United States,4,Bronze,23500,,,,,,,,,
Woodland,locality,Woodland,CA,United States,4,Bronze,55468,,,,,,,Suburban,,
Santa Clara county,locality,Santa Clara county,Calif,United States,4,,,,,,,,1,,,
Arvada,locality,Arvada,CO,United States,3,Silver,108359,,,,,,,Urban,,
Aspen,locality,Aspen,CO,United States,3,Silver,6805,,,,,,,,,
Boulder,locality,Boulder,CO,United States,1,Platinum,101500,,,,,,1,Urban,,
Breckenridge,locality,Breckenridge,CO,United States,2,Gold,4735,,,,,,,Rural,,
Castle Rock,locality,Castle Rock,CO,United States,4,Bronze,50028,,,,,,,Urban,,
Colorado College,campus,Colorado Springs,CO,United States,4,Bronze,2096,,,,,,,University,,
Colorado Springs,locality,Colorado Springs,CO,United States,3,Silver,416427,,,,,,,Urban core surrounded by low density suburban areas,,
Colorado State University,campus,Fort Collins,CO,United States,1,Platinum,31725,,,,,,,University,,
Crested Butte,locality,Crested Butte,CO,United States,2,Gold,1497,,,,,,,Rural,,
Denver,locality,Denver,CO,United States,3,Silver,649495,,,,,,,Urban,,
Durango,locality,Durango,CO,United States,2,Gold,18006,,,,,,,,,
Fort Collins,locality,Fort Collins,CO,United States,1,Platinum,161000,,,,,,1,Urban core surrounded by low density suburban areas,http://www.fcgov.com/bicycling/pdf/bike-map-front.pdf,
Golden,locality,Golden,CO,United States,3,Silver,20330,,,,,,,Small town,,
Grand Junction,locality,Grand Junction,CO,United States,4,Bronze,61081,,,,,,,Urban,,
Greeley,locality,Greeley,CO,United States,4,Bronze,100000,,,,,,,,,
Gunnison,locality,Gunnison,CO,United States,3,Silver,5854,,,,,,,Rural,,
Lakewood,locality,Lakewood,CO,United States,4,Bronze,145522,,,,,,,Suburban,,
Longmont,locality,Longmont,CO,United States,3,Silver,92852,,,,,,,,,
Naropa University,campus,Boulder,CO,United States,4,Bronze,942,,,,,,,University,,
Pueblo,locality,Pueblo,CO,United States,4,Bronze,106595,,,,,,,Urban core surrounded by low density suburban areas,,
Salida,locality,Salida,CO,United States,3,Silver,5274,,,,,,,Rural,,
Silverthorne,locality,Silverthorne,CO,United States,4,Bronze,4271,,,,,,,Rural,,
Steamboat Springs,locality,Steamboat Springs,CO,United States,2,Gold,12100,,,,,,,Rural,,
Summit County,county,Summit County,CO,United States,3,Silver,27994,,,,,,,Rural,,
University of Colorado Boulder,campus,Boulder,CO,United States,2,Gold,32432,,,,,,,University,,
University of Colorado Colorado Springs,campus,Colorado Springs,CO,United States,4,Bronze,13832,,,,,,,University,,
University of Denver,campus,Denver,CO,United States,4,Bronze,11797,,,,,,,University,,
University of Northern Colorado,campus,Greeley,CO,United States,4,Bronze,12000,,,,,,,University,,
Vail,locality,Vail,CO,United States,3,Silver,5305,,,,,,,Rural,,
Farmington,locality,Farmington,CT,United States,4,Bronze,25340,,,,,,,Suburban,,
Glastonbury,locality,Glastonbury,CT,United States,4,Bronze,34427,,,,,,,Suburban,,
Hartford,locality,Hartford,CT,United States,4,Bronze,124512,,,,,,,,,
New Britain,locality,New Britain,CT,United States,4,Bronze,73153,,,,,,,Urban,,
New Haven,locality,New Haven,CT,United States,4,Bronze,130741,,,,,,,Urban,,
Simsbury,locality,Simsbury,CT,United States,3,Silver,23498,,,,,,,Suburban,,
South Windsor,locality,South Windsor,CT,United States,4,Bronze,25709,,,,,,,Suburban,,
West Hartford,locality,West Hartford,CT,United States,4,Bronze,63066,,,,,,,Suburban,,
Yale University,campus,New Haven,CT,United States,3,Silver,12109,,,,,,,University,,
Georgetown University,campus,Washington,DC,United States,4,Bronze,17357,,,,,,,University,,
Washington,locality,Washington,DC,United States,1,,,,,,,1,1,,,
Lewes,locality,Lewes,DE,United States,4,Bronze,2747,,,,,,,Urban,,
Newark,locality,Newark,DE,United States,4,Bronze,32367,,,,,,,Suburban,,
Boca Raton,locality,Boca Raton,FL,United States,4,Bronze,85329,,,,,,,Suburban,,
Broward,county,Broward,FL,United States,4,Bronze,1815000,,,,,,,Suburban,,
Cape Coral,locality,Cape Coral,FL,United States,4,Bronze,163599,,,,,,,Suburban,,
Fernandina Beach,locality,Fernandina Beach,FL,United States,4,Bronze,11510,,,,,,,Suburban,,
Florida State University,campus,Tallahassee,FL,United States,3,Silver,41473,,,,,,,University,,
Gainesville,locality,Gainesville,FL,United States,3,Silver,125661,,,,,,,Urbanized area,,
Indian River County,county,Indian River County,FL,United States,4,Bronze,141994,,,,,,,Suburban,,
Inverness,locality,Inverness,FL,United States,4,Bronze,7233,,,,,,,,,
Key Biscayne,locality,Key Biscayne,FL,United States,4,Bronze,12344,,,,,,,Suburban,,
Lakeland,locality,Lakeland,FL,United States,4,Bronze,102346,,,,,,,,,
Miami,locality,Miami,FL,United States,4,Bronze,441003,,,,,,,,,
Miami Beach,locality,Miami Beach,FL,United States,3,Silver,90669,,,,,,,Urbanized area,,
Miami Shores,locality,Miami Shores,FL,United States,4,Bronze,10800,,,,,,,Urbanized area,,
Naples,locality,Naples,FL,United States,4,Bronze,19537,,,,,,,Urban,,
Orlando,locality,Orlando,FL,United States,4,Bronze,267410,,,,,,,,,
Sanibel,locality,Sanibel,FL,United States,3,Silver,6741,,,,,,,Suburban,,
South Lake County,county,South Lake County,FL,United States,4,Bronze,110069,,,,,,,Suburban,,
St. Petersburg,locality,St. Petersburg,FL,United States,4,Bronze,249090,,,,,1,,Urban,,
Tallahassee,locality,Tallahassee,FL,United States,4,Bronze,183643,,,,,,,Urban,,
Tampa,locality,Tampa,FL,United States,4,Bronze,347635,,,,,,,,,
The Villages,locality,The Villages,FL,United States,3,Silver,100000,,,,,,,Suburban,,
University of Florida,campus,Gainesville,FL,United States,3,Silver,52519,,,,,,,University,,
University of Miami,campus,Coral Gables,FL,United States,4,Bronze,14438,,,,,,,University,,
University of South Florida,campus,Tampa,FL,United States,3,Silver,42030,,,,,,,University,,
Venice,locality,Venice,FL,United States,3,Silver,22504,,,,,,,,,
Weston,locality,Weston,FL,United States,4,Bronze,65333,,,,,,,Suburban,,
Winter Park,locality,Winter Park,FL,United States,4,Bronze,29203,,,,,,,Suburban,,
Athens-Clarke County,locality,Athens-Clarke County,GA,United States,4,Bronze,120000,,,,,,,,,
Atlanta,locality,Atlanta,GA,United States,2,,,,,,,1,,,,
Carrollton,locality,Carrollton,GA,United States,4,Bronze,24388,,,,,,,Small town,,
Columbus,locality,Columbus,GA,United States,4,Bronze,200579,,,,,,,,,
Decatur,locality,Decatur,GA,United States,4,Bronze,19335,,,,,,,Urban,,
Emory University,campus,Atlanta,GA,United States,3,Silver,14724,,,,,,,University,,
Georgia College & State University,campus,Milledgeville,GA,United States,4,Bronze,6847,,,,,,,University,,
Georgia Institute of Technology,campus,Atlanta,GA,United States,2,Gold,20927,,,,,,,University,,
Jekyll Island,locality,Jekyll Island,GA,United States,4,Bronze,877,,,,,,,Suburban,,
Milledgeville,locality,Milledgeville,GA,United States,4,Bronze,17715,,,,,,,,,
Peachtree City,locality,Peachtree City,GA,United States,4,Bronze,35069,,,,,,,Suburban,,
Roswell,locality,Roswell,GA,United States,4,Bronze,93692,,,,,,,Suburban,,
Savannah,locality,Savannah,GA,United States,4,Bronze,142919,,,,,,,Urbanized area,,
Savannah College of Art and Design (SCAD),campus,Savannah,GA,United States,4,Bronze,8329,,,,,,,University,,
Tybee Island,locality,Tybee Island,GA,United States,4,Bronze,3713,,,,,,,Small town,,
University of Georgia,campus,Athens,GA,United States,4,Bronze,35000,,,,,,,University,,
Honolulu and County of Honolulu,locality,Honolulu and County of Honolulu,HI,United States,4,Bronze,953207,,,,,,,Urban,,
Ames,locality,Ames,IA,United States,4,Bronze,61792,,,,,,,Urban,,
Bettendorf,locality,Bettendorf,IA,United States,4,Bronze,34707,,,,,,,Suburban,,
Cedar Falls,locality,Cedar Falls,IA,United States,4,Bronze,36145,,,,,,,Urban,,
Cedar Rapids,locality,Cedar Rapids,IA,United States,4,Bronze,128119,,,,,,,Suburban,,
Coralville,locality,Coralville,IA,United States,4,Bronze,18907,,,,,,,,,
Des Moines,locality,Des Moines,IA,United States,4,Bronze,207510,,,,,,,Urban,,
Iowa City,locality,Iowa City,IA,United States,3,Silver,65219,,,,,,,Suburban,,
University Heights,locality,University Heights,IA,United States,4,Bronze,1051,,,,,,,,,
University of Iowa,campus,Iowa City,IA,United States,3,Silver,31065,,,,,,,University,,
Ada County,county,Ada County,ID,United States,3,Silver,434211,,,,,,,,,
Boise,locality,Boise,ID,United States,3,Silver,214237,,,,,,,Urban,,
Boise State University,campus,Boise,ID,United States,2,Gold,22500,,,,,,,University,,
Coeur d'Alene,locality,Coeur d'Alene,ID,United States,3,Silver,44137,,,,,,,,,
Moscow,locality,Moscow,ID,United States,4,Bronze,24499,,,,,,,Urban,,
Wood River Valley,locality,Wood River Valley,ID,United States,2,Gold,21482,,,,,,,Rural,,
Aurora,locality,Aurora,IL,United States,4,Bronze,200500,,,,,,,,,
Batavia,locality,Batavia,IL,United States,4,Bronze,26495,,,,,,,Low density suburban,,
Carbondale,locality,Carbondale,IL,United States,4,Bronze,26256,,,,,,,,,
Champaign,locality,Champaign,IL,United States,4,Bronze,81055,,,,,,,Urban,,
Chicago,locality,Chicago,IL,United States,3,Silver,2718782,,,,,1,1,Urban,,
DeKalb,locality,DeKalb,IL,United States,4,Bronze,44030,,,,,,,,,
Elmhurst,locality,Elmhurst,IL,United States,4,Bronze,46371,,,,,,,Suburban,,
Evanston,locality,Evanston,IL,United States,3,Silver,75282,,,,,,,,,
Glenview,locality,Glenview,IL,United States,4,Bronze,45417,,,,,,,Suburban,,
Illinois Wesleyan University,campus,Bloomington,IL,United States,4,Bronze,1900,,,,,,,University,,
Loyola University Chicago,campus,Chicago,IL,United States,3,Silver,16040,,,,,,,University,,
Naperville,locality,Naperville,IL,United States,4,Bronze,141853,,,,,,,Suburban,,
Normal,locality,Normal,IL,United States,4,Bronze,52879,,,,,,,Suburban,,
Northwestern University,campus,Evanston,IL,United States,3,Silver,20930,,,,,,,University,,
Oak Park,locality,Oak Park,IL,United States,4,Bronze,51878,,,,,,,Urban,,
Schaumburg,locality,Schaumburg,IL,United States,4,Bronze,74907,,,,,,,,,
School of the Art Institute of Chicago,campus,Chicago,IL,United States,3,Silver,3522,,,,,,,University,,
Southern Illinois University,campus,Carbondale,IL,United States,4,Bronze,17964,,,,,,,University,,
University of Illinois at Chicago,campus,Chicago,IL,United States,3,Silver,31015,,,,,,,University,,
University of Illinois at Urbana-Champaign,campus,Champaign,IL,United States,4,Bronze,43603,,,,,,,University,,
University of Illinois Springfield,campus,Springfield,IL,United States,4,Bronze,5400,,,,,,,University,,
Urbana,locality,Urbana,IL,United States,2,Gold,41752,,,,,,,Urban,,
Warrenville,locality,Warrenville,IL,United States,4,Bronze,13140,,,,,,,Suburban,,
Bloomington,locality,Bloomington,IN,United States,2,Gold,80405,,,,,,,Urban,,
Carmel,locality,Carmel,IN,United States,4,Bronze,86000,,,,,,,Suburban,,
Columbus,locality,Columbus,IN,United States,4,Bronze,46124,,,,,,,,,
Fort Wayne,locality,Fort Wayne,IN,United States,4,Bronze,253691,,,,,,,Urban,,
Goshen,locality,Goshen,IN,United States,4,Bronze,31719,,,,,,,Urban,,
"Indiana University, Bloomington",campus,Bloomington,IN,United States,4,Bronze,46416,,,,,,,University,,
Indianapolis,locality,Indianapolis,IN,United States,4,Bronze,820445,,,,,,,Urban,,
Muncie,locality,Muncie,IN,United States,4,Bronze,70085,,,,,,,Urban,,
Purdue University,campus,West Lafayette,IN,United States,3,Silver,39409,,,,,,,University,,
South Bend,locality,South Bend,IN,United States,4,Bronze,100422,,,,,,,Urban,,
Warsaw & Winona Lake,locality,Warsaw & Winona Lake,IN,United States,4,Bronze,18467,,,,,,,,,
Zionsville,locality,Zionsville,IN,United States,4,Bronze,23319,,,,,,,Suburban,,
Emporia State University,campus,Emporia,KS,United States,4,Bronze,6000,,,,,,,University,,
Kansas State University,campus,Manhattan,KS,United States,4,Bronze,24766,,,,,,,University,,
Lawrence,locality,Lawrence,KS,United States,4,Bronze,91282,,,,,,,,,
Manhattan,locality,Manhattan,KS,United States,4,Bronze,56308,,,,,,,,,
Shawnee,locality,Shawnee,KS,United States,4,Bronze,64680,,,,,,,Suburban,,
Topeka,locality,Topeka,KS,United States,4,Bronze,127473,,,,,,,Urban,,
University of Kansas,campus,Lawrence,KS,United States,4,Bronze,23323,,,,,,,University,,
Lexington-Fayette County,locality,Lexington-Fayette County,KY,United States,4,Bronze,295000,,,,,,,Suburban,,
Louisville,county,Louisville,KY,United States,3,Silver,253128,,,,,,,Urban,,
Morehead State University,campus,Morehead,KY,United States,3,Silver,11000,,,,,,,University,,
Transylvania University,campus,Lexington,KY,United States,4,Bronze,1100,,,,,,,University,,
University of Kentucky,campus,Lexington,KY,United States,3,Silver,29385,,,,,,,University,,
University of Louisville,campus,Louisville,KY,United States,3,Silver,22293,,,,,,,University,,
Western Kentucky University,campus,Bowling Green,KY,United States,4,Bronze,21000,,,,,,,University,,
Baton Rouge,locality,Baton Rouge,LA,United States,4,Bronze,428360,,,,,,,Suburban,,
Louisiana State University,campus,Baton Rouge,LA,United States,3,Silver,27838,,,,,,,University,,
New Orleans,locality,New Orleans,LA,United States,3,Silver,369250,,,,,,,Urban,,
University of Louisiana at Lafayette,campus,Lafayette,LA,United States,4,Bronze,17195,,,,,,,University,,
Arlington,locality,Arlington,MA,United States,4,Bronze,42952,,,,,,,,,
Bentley University,campus,Waltham,MA,United States,4,Bronze,5568,,,,,,,University,,
Boston,locality,Boston,MA,United States,1,,,,,,,1,1,,https://www.boston.gov/departments/boston-bikes/bike-maps-and-routes,
Boston University Medical Campus,campus,Boston,MA,United States,4,Bronze,4000,,,,,,,University,,
Brookline,locality,Brookline,MA,United States,4,Bronze,58732,,,,,,,Urban,,
Cambridge,locality,Cambridge,MA,United States,2,Gold,105162,,,,,,,Urban,,
Falmouth,locality,Falmouth,MA,United States,4,Bronze,31524,,,,,,,,,
Harvard University,campus,Cambridge,MA,United States,2,Gold,27000,,,,,,,University,,
Lexington,locality,Lexington,MA,United States,4,Bronze,31394,,,,,,,Suburban,,
Massachusetts Institute of Technology,campus,Cambridge,MA,United States,3,Silver,11301,,,,,,,University,,
Milton,locality,Milton,MA,United States,4,Bronze,26062,,,,,,,Suburban,,
Nantucket,locality,Nantucket,MA,United States,3,Silver,10172,,,,,,,Rural,,
Newton,locality,Newton,MA,United States,4,Bronze,86307,,,,,,,Suburban,,
Northampton,locality,Northampton,MA,United States,4,Bronze,28600,,,,,,,Urban,,
Somerville,locality,Somerville,MA,United States,3,Silver,75566,,,,,,,Urban,,
University of Massachusetts Lowell,campus,Lowell,MA,United States,4,Bronze,16300,,,,,,,University,,
Cambridge,locality,Cambridge,Mass.,United States,3,,,,,,,1,,,,
Baltimore,locality,Baltimore,MD,United States,4,Bronze,620961,,,,,1,,Urban,,
Bethesda,locality,Bethesda,MD,United States,4,Bronze,57319,,,,,,,Urban,,
Columbia,locality,Columbia,MD,United States,4,Bronze,99615,,,,,,,Suburban,,
Frederick,locality,Frederick,MD,United States,4,Bronze,68400,,,,,,,Suburban,,
Hagerstown,locality,Hagerstown,MD,United States,4,Bronze,39662,,,,,,,Urban,,
Rockville,locality,Rockville,MD,United States,4,Bronze,61209,,,,,,,Suburban,,
Salisbury,locality,Salisbury,MD,United States,4,Bronze,30805,,,,,,,Urban,,
Towson University,campus,Towson,MD,United States,4,Bronze,22285,,,,,,,University,,
University of Maryland,campus,College Park,MD,United States,2,Gold,37248,,,,,,,University,,
Bath,locality,Bath,ME,United States,4,Bronze,8493,,,,,,,Rural,,
Bowdoin College,campus,Brunswick,ME,United States,3,Silver,1834,,,,,,,University,,
Brunswick,locality,Brunswick,ME,United States,4,Bronze,22000,,,,,,,,,
University of New England,campus,Biddeford,ME,United States,4,Bronze,8085,,,,,,,University,,
Ann Arbor,locality,Ann Arbor,MI,United States,3,Silver,114925,,,,,,,Urban,,
Aquinas College,campus,Grand Rapids,MI,United States,4,Bronze,1933,,,,,,,University,,
Battle Creek,locality,Battle Creek,MI,United States,4,Bronze,53347,,,,,,,,,
East Lansing,locality,East Lansing,MI,United States,4,Bronze,48579,,,,,,,,,
Flint,locality,Flint,MI,United States,4,Bronze,102434,,,,,,,Urban,,
Grand Rapids,locality,Grand Rapids,MI,United States,4,Bronze,188040,,,,,,,Urban,,
Grand Valley State University,campus,Allendale,MI,United States,3,Silver,19531,,,,,,,University,,
Houghton,locality,Houghton,MI,United States,3,Silver,7708,,,,,,,Urban,,
Kalamazoo,locality,Kalamazoo,MI,United States,4,Bronze,75000,,,,,,,Urban core surrounded by low density suburban areas,,
Lansing,locality,Lansing,MI,United States,4,Bronze,114297,,,,,,,Urban,,
Lawrence Technological University,campus,Southfield,MI,United States,4,Bronze,3516,,,,,,,University,,
Marquette,locality,Marquette,MI,United States,3,Silver,21532,,,,,,,Suburban,,
Michigan State University,campus,East Lansing,MI,United States,3,Silver,50085,,,,,,,University,,
Michigan Technological University,campus,Houghton,MI,United States,4,Bronze,6945,,,,,,,University,,
Midland,locality,Midland,MI,United States,4,Bronze,41784,,,,,,,,,
Portage,locality,Portage,MI,United States,4,Bronze,46292,,,,,,,Suburban,,
University of Michigan - Ann Arbor,campus,Ann Arbor,MI,United States,3,Silver,42716,,,,,,,University,,
University of Michigan-Flint,campus,Flint,MI,United States,3,Silver,8470,,,,,,,University,,
Detroit,locality,Detroit,Mich.,United States,3,,,,,,,1,,,,
Bemidji,locality,Bemidji,MN,United States,4,Bronze,14319,,,,,,,,,
Concordia College,campus,Moorhead,MN,United States,4,Bronze,2162,,,,,,,University,,
Crosby,locality,Crosby,MN,United States,4,Bronze,2186,,,,,,,Rural,,
Duluth,locality,Duluth,MN,United States,4,Bronze,86265,,,,,,,Urbanized area,,
Edina,locality,Edina,MN,United States,4,Bronze,49050,,,,,,,Suburban,,
Fergus Falls,locality,Fergus Falls,MN,United States,4,Bronze,13280,,,,,,,Urban,,
Frazee,locality,Frazee,MN,United States,4,Bronze,1367,,,,,,,Rural,,
Grand Marais,locality,Grand Marais,MN,United States,4,Bronze,1351,,,,,,,Rural,,
Grand Rapids,locality,Grand Rapids,MN,United States,4,Bronze,10869,,,,,,,Rural,,
Greater Grand Forks,locality,Greater Grand Forks,MN,United States,4,Bronze,62004,,,,,,,Urban,,
Greater Mankato,locality,Greater Mankato,MN,United States,4,Bronze,54573,,,,,,,,,
Gustavus Adolphus College,campus,Saint Peter,MN,United States,4,Bronze,2448,,,,,,,University,,
Hennepin County,county,Hennepin County,MN,United States,3,Silver,1212064,,,,,,,Suburban,,
Hutchinson,locality,Hutchinson,MN,United States,4,Bronze,14103,,,,,,,Rural,,
Macalester College,campus,St Paul,MN,United States,3,Silver,2138,,,,,,,University,,
Minneapolis,locality,Minneapolis,MN,United States,2,Gold,400070,,,,,1,1,Urban,,
New Ulm,locality,New Ulm,MN,United States,4,Bronze,13522,,,,,,,Rural,,
Richfield,locality,Richfield,MN,United States,4,Bronze,35228,,,,,,,Suburban,,
Rochester,locality,Rochester,MN,United States,4,Bronze,110742,,,,,,,Urban,,
Saint Paul,locality,Saint Paul,MN,United States,3,Silver,300851,,,,,,,Urbanized area,,
St. Cloud,locality,St. Cloud,MN,United States,4,Bronze,68253,,,,,,,Urban core surrounded by low density suburban areas,,
St. Louis Park,locality,St. Louis Park,MN,United States,4,Bronze,48171,,,,,,,,,
St. Paul,locality,St. Paul,MN,United States,4,,,,,,,,,,,
"University of Minnesota, Twin Cities",campus,Minneapolis,MN,United States,1,Platinum,51000,,,,,,,University,,
Willmar,locality,Willmar,MN,United States,4,Bronze,19610,,,,,,,Rural,,
Winona,locality,Winona,MN,United States,4,Bronze,27592,,,,,,,Urban,,
Clayton,locality,Clayton,MO,United States,4,Bronze,15939,,,,,,,Urban,,
Columbia,locality,Columbia,MO,United States,3,Silver,110438,,,,,,,Urban,,
Ferguson,locality,Ferguson,MO,United States,4,Bronze,20936,,,,,,,Suburban,,
Kansas City,locality,Kansas City,MO,United States,4,Bronze,459787,,,,,,,,,
Lee's Summit,locality,Lee's Summit,MO,United States,4,Bronze,95094,,,,,,,,,
Springfield,locality,Springfield,MO,United States,4,Bronze,166810,,,,,,,Urban core surrounded by low density suburban areas,,
St. Louis,locality,St. Louis,MO,United States,3,Silver,318955,,,,,,,Urban core surrounded by low density suburban areas,,
Truman State University,campus,Kirksville,MO,United States,4,Bronze,6208,,,,,,,University,,
University of Missouri - Kansas City,campus,Kansas City,MO,United States,4,Bronze,15746,,,,,,,University,,
Washington University in St. Louis,campus,Saint Louis,MO,United States,4,Bronze,12235,,,,,,,University,,
Hattiesburg,locality,Hattiesburg,MS,United States,4,Bronze,47556,,,,,,,Suburban,,
Oxford,locality,Oxford,MS,United States,4,Bronze,21757,,,,,,,,,
Ridgeland,locality,Ridgeland,MS,United States,4,Bronze,24258,,,,,,,Suburban,,
University of Mississippi,campus,University,MS,United States,4,Bronze,18427,,,,,,,University,,
Billings,locality,Billings,MT,United States,4,Bronze,108870,,,,,,,Urban,,
Bozeman,locality,Bozeman,MT,United States,3,Silver,37282,,,,,,,,,
Helena,locality,Helena,MT,United States,4,Bronze,29134,,,,,,,Rural,,
Missoula,locality,Missoula,MT,United States,2,Gold,69821,,,,,1,1,,,
University of Montana,campus,Missoula,MT,United States,2,Gold,14350,,,,,,,University,,
Appalachian State University,campus,Boone,NC,United States,4,Bronze,17932,,,,,,,University,,
Asheville,locality,Asheville,NC,United States,4,Bronze,83393,,,,,,,Urban,,
Boone,locality,Boone,NC,United States,4,Bronze,17122,,,,,,,Suburban,,
Carrboro,locality,Carrboro,NC,United States,3,Silver,20908,,,,,,,Suburban,,
Cary,locality,Cary,NC,United States,4,Bronze,156531,,,,,,,,,
Chapel Hill,locality,Chapel Hill,NC,United States,4,Bronze,57088,,,,,,,Suburban,,
Charlotte,locality,Charlotte,NC,United States,4,Bronze,827097,,,,,,,,,
Davidson,locality,Davidson,NC,United States,4,Bronze,11750,,,,,,,Suburban,,
Duke University,campus,Durham,NC,United States,3,Silver,15000,,,,,,,University,,
Durham,locality,Durham,NC,United States,4,Bronze,245475,,,,,,,Suburban,,
East Carolina University,campus,Greenville,NC,United States,3,Silver,26947,,,,,,,University,,
Greensboro,locality,Greensboro,NC,United States,4,Bronze,273419,,,,,,,Urban,,
Lees-McRae College,campus,Banner Elk,NC,United States,3,Silver,660,,,,,,,University,,
North Carolina State University,campus,Raleigh,NC,United States,3,Silver,34015,,,,,,,University,,
Raleigh,locality,Raleigh,NC,United States,4,Bronze,439896,,,,,,,Suburban,,
University of North Carolina at Chapel Hill,campus,Chapel Hill,NC,United States,3,Silver,29278,,,,,,,University,,
University of North Carolina at Greensboro,campus,Greensboro,NC,United States,4,Bronze,18647,,,,,,,University,,
University of North Carolina Wilmington,campus,Wilmington,NC,United States,4,Bronze,13937,,,,,,,University,,
Wilmington,locality,Wilmington,NC,United States,4,Bronze,101353,,,,,,,Urban,,
Winston-Salem,locality,Winston-Salem,NC,United States,4,Bronze,236441,,,,,,,Urban,,
Bismarck-Mandan MPO,metro,Bismarck-Mandan MPO,ND,United States,4,Bronze,84353,,,,,,,Urban,,
Family HealthCare,campus,Fargo,ND,United States,4,Bronze,140,,,,,,,University,,map it
Fargo-Moorhead Metropolitan Area,metro,Fargo-Moorhead Metropolitan Area,ND,United States,4,Bronze,173468,,,,,,,Urban,,
Greater Grand Forks,metro,Greater Grand Forks,ND,United States,4,Bronze,62004,,,,,,,Urban,,
The Fargo-Moorhead Community Bicycle Workshop,campus,Fargo,ND,United States,2,Gold,11,,,,,,,University,,map it
Lincoln,locality,Lincoln,NE,United States,4,Bronze,277348,,,,,,,,,
Omaha,locality,Omaha,NE,United States,4,Bronze,431879,,,,,,,Urban,,
South Sioux City,locality,South Sioux City,NE,United States,4,Bronze,13353,,,,,,,Suburban,,
University of Nebraska - Lincoln,campus,Lincoln,NE,United States,3,Silver,24207,,,,,,,University,,
Concord,locality,Concord,NH,United States,4,Bronze,42695,,,,,,,Suburban,,
Dartmouth College,campus,Hanover,NH,United States,2,Gold,6298,,,,,,,University,,
Hanover,locality,Hanover,NH,United States,4,Bronze,11260,,,,,,,,,
Keene,locality,Keene,NH,United States,4,Bronze,23409,,,,,,,Suburban,,
Lebanon,locality,Lebanon,NH,United States,4,Bronze,13474,,,,,,,Small town,,
Portsmouth,locality,Portsmouth,NH,United States,4,Bronze,21233,,,,,,,Urban,,
Hoboken,locality,Hoboken,NJ,United States,4,Bronze,53000,,,,,,,,,
Lambertville,locality,Lambertville,NJ,United States,4,Bronze,4000,,,,,,,Rural,,
Montclair,locality,Montclair,NJ,United States,4,Bronze,37726,,,,,,,Suburban,,
New Brunswick,locality,New Brunswick,NJ,United States,4,Bronze,55181,,,,,,,,,
Ocean City,locality,Ocean City,NJ,United States,4,Bronze,11701,,,,,,,,,
Princeton,locality,Princeton,NJ,United States,4,Bronze,28572,,,,,,,,,
Princeton University,campus,Princeton,NJ,United States,4,Bronze,7731,,,,,,,University,,
West Windsor Township,localadmin,West Windsor Township,NJ,United States,4,Bronze,28366,,,,,,,Suburban,,
Albuquerque,locality,Albuquerque,NM,United States,4,Bronze,555417,,,,,,,,,
Las Cruces,locality,Las Cruces,NM,United States,4,Bronze,97681,,,,,,,Urban,,
New Mexico State University,campus,Las Cruces,NM,United States,4,Bronze,22544,,,,,,,University,,
Santa Fe,locality,Santa Fe,NM,United States,3,Silver,69201,,,,,,,Urban,,
University of New Mexico,campus,Albuquerque,NM,United States,4,Bronze,28644,,,,,,,University,,
Carson City,locality,Carson City,NV,United States,4,Bronze,55274,,,,,,,Urban,,
Henderson,locality,Henderson,NV,United States,3,Silver,270811,,,,,,,Suburban,,
Las Vegas,locality,Las Vegas,NV,United States,4,Bronze,594294,,,,,,,Urban,,
Mesquite,locality,Mesquite,NV,United States,4,Bronze,17477,,,,,,,Urban,,
Reno-Sparks Washoe County,county,Reno-Sparks Washoe County,NV,United States,4,Bronze,421407,,,,,,,Urban,,
"University of Nevada, Reno",campus,Reno,NV,United States,4,Bronze,19934,,,,,,,University,,
Alfred University,campus,Alfred,NY,United States,4,Bronze,1953,,,,,,,University,,
Buffalo,locality,Buffalo,NY,United States,4,Bronze,261310,,,,,,,Urban,,
Columbia University,campus,New York,NY,United States,4,Bronze,29250,,,,,,,University,,
Cornell University,campus,Ithaca,NY,United States,4,Bronze,14854,,,,,,,University,,
Ithaca,locality,Ithaca,NY,United States,4,Bronze,30788,,,,,,,,,
Monroe Community College,campus,Rochester,NY,United States,4,Bronze,32000,,,,,,,University,,
Nazareth College,campus,Rochester,NY,United States,4,Bronze,2820,,,,,,,University,,
New York,locality,New York,NY,United States,3,Silver,8337000,,,,,1,1,Urban,http://www.nyc.gov/html/dot/html/bicyclists/bikemaps.shtml,
Rochester,locality,Rochester,NY,United States,4,Bronze,210565,,,,,,,,,
Rochester Institute of Technology,campus,Rochester,NY,United States,4,Bronze,17652,,,,,,,University,,
State University of New York at Buffalo,campus,Buffalo,NY,United States,4,Bronze,29048,,,,,,,University,,
State University of New York College of Environmental Science and Forestry,campus,Syracuse,NY,United States,4,Bronze,2183,,,,,,,University,,
SUNY Stony Brook,campus,Stony Brook,NY,United States,4,Bronze,24361,,,,,,,University,,
The College at Brockport- State University of New York,campus,Brockport,NY,United States,4,Bronze,8161,,,,,,,University,,
University of Rochester,campus,Rochester,NY,United States,4,Bronze,11060,,,,,,,University,,
Akron,locality,Akron,OH,United States,4,Bronze,199110,,,,,,,Urban,,
Athens,locality,Athens,OH,United States,4,Bronze,23832,,,,,,,Rural,,
Cincinnati,locality,Cincinnati,OH,United States,4,Bronze,298165,,,,,,,,,
Cleveland,locality,Cleveland,OH,United States,4,Bronze,396815,,,,,1,,,,
Cleveland Heights,locality,Cleveland Heights,OH,United States,4,Bronze,44962,,,,,,,Urbanized area,,
Columbus,locality,Columbus,OH,United States,4,Bronze,794956,,,,,,,Urban,,
Dayton,locality,Dayton,OH,United States,4,Bronze,141527,,,,,,,Urban,,
Dublin,locality,Dublin,OH,United States,4,Bronze,44456,,,,,,,,,
Hudson,locality,Hudson,OH,United States,4,Bronze,22262,,,,,,,,,
Kent State University,campus,Kent,OH,United States,4,Bronze,28552,,,,,,,University,,
Lakewood,locality,Lakewood,OH,United States,4,Bronze,142980,,,,,,,,,
Lima,locality,Lima,OH,United States,4,Bronze,38355,,,,,,,,,
Oberlin,locality,Oberlin,OH,United States,4,Bronze,8300,,,,,,,Rural,,
Oberlin College and Conservatory,campus,Oberlin,OH,United States,4,Bronze,2959,,,,,,,University,,
Ohio State University,campus,Columbus,OH,United States,4,Bronze,58322,,,,,,,University,,
Piqua,locality,Piqua,OH,United States,4,Bronze,20699,,,,,,,Urban,,
Shaker Heights,locality,Shaker Heights,OH,United States,4,Bronze,28448,,,,,,,Urban,,
Springboro,locality,Springboro,OH,United States,4,Bronze,18213,,,,,,,,,
Troy,locality,Troy,OH,United States,4,Bronze,25058,,,,,,,Suburban,,
University of Toledo,campus,Toledo,OH,United States,4,Bronze,20381,,,,,,,University,,
Westerville,locality,Westerville,OH,United States,4,Bronze,37615,,,,,,,,,
Norman,locality,Norman,OK,United States,4,Bronze,123462,,,,,,,,,
Oklahoma State University,campus,Stillwater,OK,United States,4,Bronze,26000,,,,,,,University,,
Stillwater,locality,Stillwater,OK,United States,4,Bronze,45688,,,,,,,Urban,,
The University of Oklahoma,campus,Norman,OK,United States,4,Bronze,23944,,,,,,,University,,
The University of Tulsa,campus,Tulsa,OK,United States,4,Bronze,4682,,,,,,,University,,
Tulsa,locality,Tulsa,OK,United States,4,Bronze,393981,,,,,,,Urban,,
Albany,locality,Albany,OR,United States,4,Bronze,50710,,,,,,,Suburban,,
Ashland,locality,Ashland,OR,United States,2,Gold,20861,,,,,,,,,
Beaverton,locality,Beaverton,OR,United States,3,Silver,89803,,,,,,,Suburban,,
Bend,locality,Bend,OR,United States,3,Silver,81310,,,,,,,,,
Corvallis,locality,Corvallis,OR,United States,2,Gold,56000,,,,,,,,,
Eugene,locality,Eugene,OR,United States,2,Gold,156185,,,,,1,,Urban,,
Gresham,locality,Gresham,OR,United States,3,Silver,105594,,,,,,,Suburban,,
Oregon Health & Science University,campus,Portland,OR,United States,2,Gold,4405,,,,,,,University,,
Oregon State University,campus,Corvallis,OR,United States,2,Gold,24383,,,,,,,University,,
Portland,locality,Portland,OR,United States,1,Platinum,533492,,,,,1,1,Urban,https://www.portlandoregon.gov/transportation/article/322407,
Portland State University,campus,Portland,OR,United States,1,Platinum,28241,,,,,,,University,,
Roseburg,locality,Roseburg,OR,United States,4,Bronze,22510,,,,,,,,,
Salem,locality,Salem,OR,United States,4,Bronze,152239,,,,,,,Urban,,
Southern Oregon University,campus,Ashland,OR,United States,3,Silver,6800,,,,,,,University,,
University of Oregon,campus,Eugene,OR,United States,2,Gold,23809,,,,,,,University,,
Bethlehem,locality,Bethlehem,PA,United States,4,Bronze,75000,,,,,,,Urban core surrounded by low density suburban areas,,
Carnegie Mellon University,campus,Pittsburgh,PA,United States,4,Bronze,12991,,,,,,,University,,
Chatham University,campus,Pittsburgh,PA,United States,4,Bronze,2134,,,,,,,University,,
Dickinson College,campus,Carlisle,PA,United States,3,Silver,2396,,,,,,,University,,
Franklin,locality,Franklin,PA,United States,4,Bronze,6545,,,,,,,Rural,,
Montgomery County Community College,campus,Blue Bell,PA,United States,4,Bronze,2217,,,,,,,University,,
Philadelphia,locality,Philadelphia,PA,United States,3,Silver,1567442,,,,,1,,,,
Pittsburgh,locality,Pittsburgh,PA,United States,4,Bronze,306211,,,,,,,Urban,,
Reading,locality,Reading,PA,United States,4,Bronze,87893,,,,,,,Urban,,
State College,locality,State College,PA,United States,4,Bronze,92096,,,,,,,,,Centre Region
Temple University,campus,Philadelphia,PA,United States,4,Bronze,31589,,,,,,,University,,
The Pennsylvania State University,campus,University Park,PA,United States,3,Silver,46254,,,,,,,University,,
University of Pennsylvania,campus,Philadelphia,PA,United States,3,Silver,24630,,,,,,,University,,
York,locality,York,PA,United States,4,Bronze,43550,,,,,,,Urban,,
Newport,locality,Newport,RI,United States,4,Bronze,24672,,,,,,,Urban,,
Clemson University,campus,Clemson,SC,United States,4,Bronze,18531,,,,,,,University,,
Coastal Carolina University,campus,Conway,SC,United States,4,Bronze,9976,,,,,,,University,,
Columbia,locality,Columbia,SC,United States,4,Bronze,133393,,,,,,,Urbanized area,,
Greenville,locality,Greenville,SC,United States,4,Bronze,60379,,,,,,,Urban,,
Hilton Head Island,locality,Hilton Head Island,SC,United States,2,Gold,37099,,,,,,,Suburban,,
Rock Hill,locality,Rock Hill,SC,United States,4,Bronze,70594,,,,,,,,,
Spartanburg,locality,Spartanburg,SC,United States,4,Bronze,39487,,,,,,,Suburban,,
University of South Carolina - Columbia,campus,Columbia,SC,United States,4,Bronze,30721,,,,,,,University,,
Brookings,locality,Brookings,SD,United States,4,Bronze,22056,,,,,,,,,
Sioux Falls,locality,Sioux Falls,SD,United States,4,Bronze,160000,,,,,,,Suburban,,
Austin,locality,Austin,Texas,United States,3,,,,,,,1,1,,http://www.arcgis.com/home/webmap/viewer.html?url=http://services.arcgis.com/0L95CJ0VTaxqcmED/ArcGIS/rest/services/TRANSPORTATION_bicycle_facilities/FeatureServer&source=sd,Urban Trails: https://data.austintexas.gov/Government/Urban-Trails/bxbe-ndaw | Bike Map: 
Chattanooga,locality,Chattanooga,TN,United States,3,Silver,171279,,,,,,,Urban,,
Knoxville,locality,Knoxville,TN,United States,4,Bronze,178874,,,,,,,Urban,,
Lincoln Memorial University,campus,Harrogate,TN,United States,3,Silver,4338,,,,,,,University,,
Memphis,locality,Memphis,TN,United States,4,Bronze,657457,,,,,,,Urban,,
Nashville-Davidson County,locality,Nashville-Davidson County,TN,United States,4,Bronze,634464,,,,,,,Urban,,
University of Memphis,campus,Memphis,TN,United States,4,Bronze,21500,,,,,,,University,,
Vanderbilt University and Medical Center,campus,Nashville,TN,United States,4,Bronze,12725,,,,,,,University,,
Austin,locality,Austin,TX,United States,2,Gold,885400,,,,,,,Urban,,
Brownsville,locality,Brownsville,TX,United States,4,Bronze,181860,,,,,,,Suburban,,
El Paso,locality,El Paso,TX,United States,4,Bronze,681124,,,,,,,,,
Fort Worth,locality,Fort Worth,TX,United States,4,Bronze,812553,,,,,,,,,
Frisco,locality,Frisco,TX,United States,4,Bronze,152710,,,,,,,Suburban,,
Houston,locality,Houston,TX,United States,4,Bronze,2160821,,,,,1,,Urban,,
Plano,locality,Plano,TX,United States,4,Bronze,296330,,,,,,,Suburban,,
Richardson,locality,Richardson,TX,United States,4,Bronze,99223,,,,,,,Suburban,,
San Antonio,locality,San Antonio,TX,United States,4,Bronze,1409019,,,,,,,Urban,,
Texas A&M University,campus,College Station,TX,United States,4,Bronze,52372,,,,,,,University,,
Texas Tech University,campus,Lubbock,TX,United States,4,Bronze,32611,,,,,,,University,,
The Woodlands Township,localadmin,The Woodlands Township,TX,United States,4,Bronze,109679,,,,,,,Suburban,,
University of Texas at Austin,campus,Austin,TX,United States,4,Bronze,52186,,,,,,,University,,
Brigham Young University,campus,Provo,UT,United States,4,Bronze,30411,,,,,,,University,,
Moab City,county,Moab City & Grand County,UT,United States,3,Silver,14271,,,,,,,Rural,,Grand County
Ogden,locality,Ogden,UT,United States,4,Bronze,83800,,,,,,,Urban,,
Park City-Snyderville Basin,locality,Park City-Snyderville Basin,UT,United States,3,Silver,27706,,,,,,,,,
Provo,locality,Provo,UT,United States,3,Silver,117489,,,,,,,,,
Riverdale City,locality,Riverdale City,UT,United States,4,Bronze,8666,,,,,,,,,
Salt Lake City,locality,Salt Lake City,UT,United States,3,Silver,189314,,,,,1,,Urban,,
St. George City,locality,St. George City,UT,United States,4,Bronze,80000,,,,,,,Urban core surrounded by low density suburban areas,,
University of Utah,campus,Salt Lake City,UT,United States,3,Silver,31660,,,,,,,University,,
Utah State University,campus,Logan,UT,United States,3,Silver,15899,,,,,,,University,,
Saratoga Springs,locality,Saratoga Springs,Utah,United States,4,,,,,,,,1,,,
Alexandria,locality,Alexandria,VA,United States,3,Silver,144301,,,,,1,1,Urban,,
Arlington,county,Arlington,VA,United States,3,Silver,216700,,,,,1,,Urban,,
Charlottesville,locality,Charlottesville,VA,United States,3,Silver,43748,,,,,,,Suburban,,
Eastern Mennonite University,campus,Harrisonburg,VA,United States,4,Bronze,1605,,,,,,,University,,
Fairfax County,county,Fairfax County,VA,United States,4,Bronze,1125385,,,,,,,Low density suburban,,
George Mason University,campus,Fairfax,VA,United States,4,Bronze,33723,,,,,,,University,,
Harrisonburg,locality,Harrisonburg,VA,United States,4,Bronze,52612,,,,,,,Urban,,
James Madison University,campus,Harrisonburg,VA,United States,4,Bronze,22500,,,,,,,University,,
Norfolk,locality,Norfolk,VA,United States,4,Bronze,246392,,,,,,,Urban,,
Portsmouth,locality,Portsmouth,VA,United States,4,Bronze,96470,,,,,,,Urban,,
Reston,locality,Reston,VA,United States,4,Bronze,58404,,,,,,,Suburban,,
Richmond,locality,Richmond,VA,United States,4,Bronze,205533,,,,,,,Urban,,
Roanoke,locality,Roanoke,VA,United States,4,Bronze,99681,,,,,,,,,
University of Virginia,campus,Charlottesville,VA,United States,4,Bronze,21095,,,,,,,University,,
Vienna,locality,Vienna,VA,United States,4,Bronze,15687,,,,,,,,,
Virginia Beach,locality,Virginia Beach,VA,United States,4,Bronze,449479,,,,,,,Suburban,,
Virginia Commonwealth University,campus,Richmond,VA,United States,3,Silver,31242,,,,,,,University,,
Virginia Tech,campus,Blacksburg,VA,United States,4,Bronze,31087,,,,,,,University,,
Williamsburg,locality,Williamsburg,VA,United States,4,Bronze,14067,,,,,,,Urban,,
Burlington,locality,Burlington,VT,United States,3,,,,,,,1,1,,https://d3n8a8pro7vhmx.cloudfront.net/localmotion/pages/289/attachments/original/1470946167/WalkBikeMap.pdf?1470946167,
Champlain College,campus,Burlington,VT,United States,3,Silver,3780,,,,,,,University,,
Essex Junction,locality,Essex Junction,VT,United States,4,Bronze,9695,,,,,,,Suburban,,
Montpelier,locality,Montpelier,VT,United States,4,Bronze,7855,,,,,,,Rural,,
University of Vermont,campus,Burlington,VT,United States,3,Silver,12723,,,,,,,University,,
Anacortes,locality,Anacortes,WA,United States,4,Bronze,16800,,,,,,,,,
Bellevue,locality,Bellevue,WA,United States,4,Bronze,134400,,,,,,,Urban,,
Bellingham,locality,Bellingham,WA,United States,3,Silver,73460,,,,,,,Urban,,
Ellensburg,locality,Ellensburg,WA,United States,3,Silver,18363,,,,,,,Rural,,
Greater Wenatchee Metropolitan Area,metro,Greater Wenatchee Metropolitan Area,WA,United States,4,Bronze,67227,,,,,,,Urban,,
Jamestown S'Klallam Tribe,tribe,Jamestown S'Klallam Tribe,WA,United States,4,Bronze,72312,,,,,,,Rural,,
Kirkland,locality,Kirkland,WA,United States,4,Bronze,87281,,,,,,,Urban core surrounded by low density suburban areas,,
Liberty Lake,locality,Liberty Lake,WA,United States,4,Bronze,8000,,,,,,,Urban,,
Port Angeles/Clallam County,county,Port Angeles/Clallam County,WA,United States,4,Bronze,72312,,,,,,,Rural,,
Port Townsend,locality,Port Townsend,WA,United States,3,Silver,9454,,,,,,,,,
Redmond,locality,Redmond,WA,United States,3,Silver,54144,,,,,,,Suburban,,
Seattle,locality,Seattle,WA,United States,2,Gold,686800,,,,,1,1,,http://www.seattlebikeblog.com/bike-map/,http://www.seattle.gov/transportation/docs/2016_BikeMap_Brochure.pdf
Sequim,locality,Sequim,WA,United States,4,Bronze,6624,,,,,,,Rural,,
Snohomish,locality,Snohomish,WA,United States,4,Bronze,9098,,,,,,,Suburban,,
Spokane,locality,Spokane,WA,United States,4,Bronze,210721,,,,,,,Urban,,
Tacoma,locality,Tacoma,WA,United States,4,Bronze,203446,,,,,,,Urban,,
"University of Washington, Seattle",campus,Seattle,WA,United States,2,Gold,43000,,,,,,,University,,
Vancouver,locality,Vancouver,WA,United States,4,Bronze,156600,,,,,,,Urban,,
Walla Walla,locality,Walla Walla,WA,United States,4,Bronze,32237,,,,,,,,,
Appleton,locality,Appleton,WI,United States,3,Silver,73463,,,,,,,Urbanized area,,
Carroll University,campus,Waukesha,WI,United States,4,Bronze,3140,,,,,,,University,,
Dane County,county,Dane County,WI,United States,4,Bronze,496762,,,,,,,Suburban,,
Eau Claire,locality,Eau Claire,WI,United States,4,Bronze,66834,,,,,,,Suburban,,
Fitchburg,locality,Fitchburg,WI,United States,3,Silver,27154,,,,,,,Suburban,,
La Crosse,locality,La Crosse,WI,United States,3,Silver,51522,,,,,,,Urban,,
Madison,locality,Madison,WI,United States,1,Platinum,237395,,,,,,,Urban,,
Menomonie,locality,Menomonie,WI,United States,4,Bronze,16264,,,,,,,Suburban,,
Middleton,locality,Middleton,WI,United States,4,Bronze,18411,,,,,,,Suburban,,
Milwaukee,locality,Milwaukee,WI,United States,4,Bronze,598916,,,,,,,Urban,,
Monona,locality,Monona,WI,United States,4,Bronze,7533,,,,,,,Suburban,,
Onalaska,locality,Onalaska,WI,United States,4,Bronze,17736,,,,,,,Suburban,,
River Falls,locality,River Falls,WI,United States,4,Bronze,15209,,,,,,,,,
Sheboygan County,county,Sheboygan County,WI,United States,4,Bronze,115507,,,,,,,Rural,,
Shorewood,locality,Shorewood,WI,United States,3,Silver,13188,,,,,,,Urban,,
Stevens Point,locality,Stevens Point,WI,United States,4,Bronze,27040,,,,,,,,,
Sturgeon Bay,locality,Sturgeon Bay,WI,United States,4,Bronze,9144,,,,,,,Low density suburban,,
University of Wisconsin - Eau Claire,campus,Eau Claire,WI,United States,4,Bronze,11046,,,,,,,University,,
University of Wisconsin - La Crosse,campus,La Crosse,WI,United States,4,Bronze,10558,,,,,,,University,,
University of Wisconsin - Madison,campus,Madison,WI,United States,2,Gold,43193,,,,,,,University,,
University of Wisconsin - Milwaukee,campus,Milwaukee,WI,United States,2,Gold,27401,,,,,,,University,,
University of Wisconsin - Stout,campus,Menomonie,WI,United States,4,Bronze,9371,,,,,,,University,,
Wausau Metropolitan Area,metro,Wausau Metropolitan Area,WI,United States,4,Bronze,84831,,,,,,,Urban,,
Madison,locality,Madison,Wisc.,United States,2,,,,,,,1,,,,
Jackson and Teton County,county,Jackson and Teton County,WY,United States,2,Gold,24000,,,,,,,Small town,,
Laramie,locality,Laramie,WY,United States,4,Bronze,30816,,,,,,,,,
University of Wyoming,campus,Laramie,WY,United States,4,Bronze,11041,,,,,,,University,,
